P89B0,0000040,13760001,0000033,001
P89B0,0000049,79CA0001,0000032,001
P89B0,0000078,92680001,0000032,002
P89B0,0000116,72C20001,0000032,001
P89B0,0000123,2B530001,0000032,001
P89B0,0000207,6BF70001,0000032,001
P89B0,0000208,6BF70002,0000062,001
P89B0,0000210,485B0003,0000093,001
P89B0,0000212,485B0004,0000124,001
P89B0,0000225,13760002,0000063,001
P89B0,0000235,35F80001,0000033,002
P89B0,0000257,72C20003,0000093,001
P89B0,0000260,72C20002,0000063,002
P89B0,0000261,D7580001,0000032,001
P89B0,0000262,6BF70003,0000092,001
P89B0,0000266,485B0007,0000214,001
P89B0,0000268,485B0006,0000184,001
P89B0,0000273,485B0008,0000244,001
P89B0,0000279,485B0009,0000275,001
P89B0,0000280,1ADF0004,0000123,001
P89B0,0000281,1ADF0005,0000154,001
P89B0,0000282,1ADF0003,0000093,001
P89B0,0000283,13760003,0000094,001
P89B0,0000285,13760004,0000124,001
P89B0,0000287,1ADF0001,0000032,001
P89B0,0000289,13760005,0000154,001
P89B0,0000296,5F340006,0000185,001
P89B0,0000321,5F340008,0000245,001
P89B0,0000377,ED090004,0000124,001
P89B0,0000398,3A280002,0000064,001
P89B0,0000429,5F340001,0000032,005
P89B0,0000430,485B000D,0000397,001
P89B0,0000433,784A0004,0000124,001
P89B0,0000445,1ADF0007,0000214,001
P89B0,0000446,13760009,0000275,002
P89B0,0000447,5F34000C,0000366,001
P89B0,0000448,1ADF0008,0000244,001
P89B0,0000524,72C20009,0000275,001
P89B0,0000528,92680002,0000062,003
P89B0,0000530,72C2000B,0000336,001
P89B0,0000541,72C2000C,0000366,001
P89B0,0000542,C31E0003,0000093,001
P89B0,0000656,79CA0004,0000122,001
P89B0,0000678,1ADF000C,0000365,001
P89B0,0000681,1ADF000D,0000395,001
P89B0,0000709,1ADF000A,0000305,001
P89B0,0000715,1ADF000F,0000458,001
P89B0,0000716,1ADF000B,0000335,001
P89B0,0000722,1ADF0010,0000489,001
P89B0,0000725,1ADF0011,0000519,001
P89B0,0000728,1ADF0012,0000550,001
P89B0,0000750,485B0015,0000639,001
P89B0,0000766,72C20004,0000124,003
P89B0,0000767,485B000F,0000458,001
P89B0,0000770,485B000A,0000305,001
P89B0,0000839,485B0016,0000669,001
P89B0,0000857,C31E0006,0000183,002
P89B0,0000896,6BF70006,0000184,002
P89B0,0000898,D7580008,0000245,001
P89B0,0001054,6BF70007,0000215,002
P89B0,0001067,6BF70013,0000581,001
P89B0,0001076,26F70008,0000247,001
P89B0,0001078,26F70009,0000277,001
P89B0,0001079,D7580004,0000124,002
P89B0,0001081,26F7000A,0000308,001
P89B0,0001086,26F7000B,0000338,001
P89B0,0001093,51F70001,0000032,004
P89B0,0001095,26F7000C,0000369,001
P89B0,0001100,26F7000D,0000399,001
P89B0,0001107,26F7000E,0000429,001
P89B0,0001108,2B530004,0000125,002
P89B0,0001115,26F7000F,0000460,001
P89B0,0001116,26F70010,0000490,001
P89B0,0001220,6BF70009,0000277,001
P89B0,0001252,C31E0012,0000548,002
P89B0,0001323,6BF70020,0000981,001
P89B0,0001397,485B001F,0000946,001
P89B0,0001402,485B0021,0001006,001
P89B0,0001405,485B0022,0001036,001
P89B0,0001421,485B0023,0001067,001
P89B0,0001422,485B0024,0001097,001
P89B0,0001429,1376000A,0000306,002
P89B0,0001429,26F70013,0000581,001
P89B0,0001433,79CA000A,0000304,001
P89B0,0001435,26F70025,0001129,001
P89B0,0001438,ED090007,0000217,002
P89B0,0001442,3AB00004,0000124,001
P89B0,0001478,EDB10026,0001161,001
P89B0,0001481,C31E0010,0000487,003
P89B0,0001488,6BF7000B,0000338,002
P89B0,0001490,EDB10028,0001223,001
P89B0,0001491,3A280009,0000278,003
P89B0,0001503,51F70014,0000611,001
P89B0,0001514,EDB1002B,0001314,001
P89B0,0001526,EDB1002C,0001346,001
P89B0,0001528,C31E0002,0000062,003
P89B0,0001528,EDB1002D,0001376,001
P89B0,0001529,EDB1002E,0001406,001
P89B0,0001531,EDB1002F,0001437,001
P89B0,0001533,EDB10030,0001467,001
P89B0,0001533,EDB10031,0001497,001
P89B0,0001537,C31E0005,0000153,002
P89B0,0001539,51F70017,0000702,001
P89B0,0001541,51F70018,0000732,001
P89B0,0001543,EDB10032,0001527,001
P89B0,0001553,51F7001A,0000793,001
P89B0,0001561,51F7001C,0000854,001
P89B0,0001575,EDB10033,0001557,001
P89B0,0001578,51F7001D,0000886,001
P89B0,0001580,51F7001E,0000918,001
P89B0,0001581,51F7001F,0000949,001
P89B0,0001584,1ADF001D,0000888,002
P89B0,0001610,1ADF0034,0001591,001
P89B0,0001631,1ADF0035,0001622,001
P89B0,0001692,92680003,0000092,002
P89B0,0001693,6BF7000E,0000430,002
P89B0,0001694,D7580011,0000522,001
P89B0,0001695,6BF70008,0000247,002
P89B0,0001700,D7580012,0000552,001
P89B0,0001702,D7580013,0000583,001
P89B0,0001705,D7580014,0000614,001
P89B0,0001708,D7580015,0000644,001
P89B0,0001709,D7580016,0000674,001
P89B0,0001710,D7580017,0000704,001
P89B0,0001716,D7580019,0000765,001
P89B0,0001717,D758001A,0000796,001
P89B0,0001721,13760007,0000214,001
P89B0,0001737,D7580009,0000276,001
P89B0,0001752,79CA0005,0000152,004
P89B0,0001755,D758000A,0000306,001
P89B0,0001756,D758000B,0000338,001
P89B0,0001771,485B0019,0000761,001
P89B0,0001773,9268000A,0000304,002
P89B0,0001777,13760015,0000639,002
P89B0,0001777,9268000B,0000335,002
P89B0,0001779,72C20021,0001002,001
P89B0,0001786,72C20022,0001032,001
P89B0,0001790,72C20023,0001062,001
P89B0,0001793,72C20024,0001092,001
P89B0,0001795,ED090006,0000185,002
P89B0,0001797,35F80001,0000033,004
P89B0,0001799,72C20025,0001122,001
P89B0,0001801,BAD30003,0000094,003
P89B0,0001803,72C20026,0001153,001
P89B0,0001804,72C20027,0001184,001
P89B0,0001806,72C20028,0001216,001
P89B0,0001806,72C20029,0001246,001
P89B0,0001807,72C2002A,0001276,001
P89B0,0001810,485B001A,0000792,001
P89B0,0001827,EDB10036,0001647,001
P89B0,0001827,2B53000A,0000305,001
P89B0,0001828,EDB10034,0001587,001
P89B0,0001833,2B530003,0000094,001
P89B0,0001834,EDB10038,0001709,001
P89B0,0001836,2B53000B,0000336,001
P89B0,0001838,EDB10039,0001740,001
P89B0,0001839,2B53000C,0000366,001
P89B0,0001840,2B53000D,0000396,001
P89B0,0001841,2B53000E,0000426,001
P89B0,0001842,EDB1003A,0001770,001
P89B0,0001842,EDB10037,0001679,001
P89B0,0001845,EDB1003B,0001800,001
P89B0,0001849,2B530011,0000517,001
P89B0,0001850,EDB1003C,0001830,001
P89B0,0001854,2B530010,0000487,002
P89B0,0001857,2B530012,0000548,001
P89B0,0001858,2B530013,0000580,001
P89B0,0001861,2B530014,0000610,001
P89B0,0001863,2B530015,0000640,001
P89B0,0001865,2B530016,0000670,001
P89B0,0001869,2B530017,0000700,001
P89B0,0001874,2B530018,0000731,001
P89B0,0001877,2B530019,0000762,001
P89B0,0001879,784A000F,0000459,002
P89B0,0001881,2B53001A,0000793,001
P89B0,0001883,2B53001B,0000824,001
P89B0,0001885,2B53001C,0000855,001
P89B0,0001887,2B53001D,0000886,001
P89B0,0001889,EDB1003D,0001861,001
P89B0,0001894,2B53001F,0000946,001
P89B0,0001898,2B530021,0001006,001
P89B0,0001904,2B530023,0001067,001
P89B0,0001915,51F7000C,0000367,001
P89B0,0001916,51F7000D,0000397,001
P89B0,0001917,2B530025,0001127,001
P89B0,0001918,2B530026,0001158,001
P89B0,0001919,2B530027,0001188,001
P89B0,0001924,79CA000E,0000424,002
P89B0,0001926,79CA0010,0000485,002
P89B0,0001927,2B530029,0001249,001
P89B0,0001929,2B53002A,0001279,001
P89B0,0001934,2B53002B,0001309,001
P89B0,0001935,2B53002C,0001340,001
P89B0,0001936,2B53002D,0001371,001
P89B0,0001937,51F70026,0001160,001
P89B0,0001958,D7580002,0000063,001
P89B0,0001959,D758000E,0000430,001
P89B0,0002016,ED090022,0001037,002
P89B0,0002017,784A001C,0000854,002
P89B0,0002018,6BF7001E,0000919,002
P89B0,0002020,1ADF0038,0001713,001
P89B0,0002022,1ADF0039,0001744,001
P89B0,0002024,C31E0001,0000032,004
P89B0,0002025,485B0029,0001249,001
P89B0,0002026,485B002A,0001279,001
P89B0,0002027,485B002B,0001310,001
P89B0,0002031,485B002C,0001341,001
P89B0,0002032,485B0011,0000518,001
P89B0,0002033,485B001E,0000915,001
P89B0,0002034,485B002D,0001371,001
P89B0,0002037,5F340004,0000124,003
P89B0,0002039,485B000E,0000428,001
P89B0,0002057,ED090028,0001221,002
P89B0,0002063,1376003F,0001919,001
P89B0,0002066,13760040,0001949,001
P89B0,0002070,13760041,0001979,001
P89B0,0002074,13760043,0002040,001
P89B0,0002125,C31E000F,0000456,001
P89B0,0002126,C31E002D,0001361,001
P89B0,0002131,D7580006,0000185,002
P89B0,0002132,C31E0011,0000517,001
P89B0,0002136,D7580029,0001253,001
P89B0,0002139,D7580010,0000491,001
P89B0,0002141,C31E0009,0000274,002
P89B0,0002142,5F340014,0000609,002
P89B0,0002146,784A0026,0001156,001
P89B0,0002150,D758002B,0001313,001
P89B0,0002152,784A0027,0001187,001
P89B0,0002155,784A0028,0001217,001
P89B0,0002155,D758002C,0001343,001
P89B0,0002157,784A0034,0001584,001
P89B0,0002158,784A002A,0001277,001
P89B0,0002159,79CA0028,0001223,002
P89B0,0002160,784A002D,0001370,001
P89B0,0002163,D758002D,0001374,001
P89B0,0002165,D758002F,0001434,001
P89B0,0002166,BAD30018,0000732,002
P89B0,0002168,79CA0029,0001254,002
P89B0,0002170,79CA002A,0001284,002
P89B0,0002172,784A002E,0001400,001
P89B0,0002178,D7580018,0000735,001
P89B0,0002180,5F340026,0001158,002
P89B0,0002184,784A0016,0000672,001
P89B0,0002185,3AB00001,0000033,002
P89B0,0002199,72C20014,0000609,002
P89B0,0002202,72C20015,0000640,002
P89B0,0002204,784A0016,0000672,002
P89B0,0002206,26F7002F,0001433,001
P89B0,0002208,EDB1003F,0001923,001
P89B0,0002209,51F70006,0000183,002
P89B0,0002212,26F70030,0001464,001
P89B0,0002213,26F70031,0001495,001
P89B0,0002215,EDB10042,0002013,001
P89B0,0002218,26F70032,0001525,001
P89B0,0002218,EDB10044,0002073,001
P89B0,0002220,26F70026,0001159,001
P89B0,0002222,3AB0000F,0000458,001
P89B0,0002223,3AB00010,0000489,001
P89B0,0002226,3AB00011,0000519,001
P89B0,0002228,3AB00012,0000549,001
P89B0,0002229,3AB00013,0000579,001
P89B0,0002232,3AB00014,0000609,001
P89B0,0002234,3AB00015,0000640,001
P89B0,0002238,BAD30023,0001066,002
P89B0,0002240,3AB00016,0000671,001
P89B0,0002242,3AB00017,0000701,001
P89B0,0002257,BAD30028,0001216,001
P89B0,0002276,9268000D,0000395,002
P89B0,0002277,1376000D,0000396,002
P89B0,0002279,5F340001,0000032,008
P89B0,0002287,72C2001A,0000791,001
P89B0,0002288,72C20011,0000517,001
P89B0,0002291,5F34000B,0000335,001
P89B0,0002293,5F34002B,0001309,001
P89B0,0002294,5F34000E,0000427,001
P89B0,0002295,5F34002C,0001339,001
P89B0,0002298,5F340002,0000063,003
P89B0,0002300,1ADF0006,0000184,002
P89B0,0002300,5F34000F,0000457,001
P89B0,0002303,79CA000B,0000334,002
P89B0,0002304,6BF7001B,0000826,001
P89B0,0002305,ED09001B,0000825,002
P89B0,0002306,5F34003A,0001763,001
P89B0,0002309,ED09001C,0000855,002
P89B0,0002310,C31E000D,0000395,002
P89B0,0002311,5F34003C,0001824,001
P89B0,0002312,5F340018,0000729,001
P89B0,0002314,5F34003E,0001884,001
P89B0,0002315,5F34003F,0001914,001
P89B0,0002316,51F7002F,0001435,001
P89B0,0002320,6BF70037,0001681,001
P89B0,0002322,6BF7001D,0000888,001
P89B0,0002324,51F70031,0001495,001
P89B0,0002325,C31E0019,0000759,002
P89B0,0002326,6BF7000F,0000461,004
P89B0,0002327,784A0020,0000975,003
P89B0,0002328,5F340040,0001945,001
P89B0,0002329,1376000A,0000306,002
P89B0,0002330,72C2002F,0001428,002
P89B0,0002332,72C20030,0001460,002
P89B0,0002334,5F340032,0001521,002
P89B0,0002335,C31E000E,0000426,003
P89B0,0002337,784A0019,0000763,002
P89B0,0002338,5F340041,0001975,001
P89B0,0002339,C31E0015,0000638,003
P89B0,0002341,ED09002B,0001311,002
P89B0,0002343,51F70032,0001526,001
P89B0,0002345,3A280008,0000247,005
P89B0,0002346,ED090021,0001007,001
P89B0,0002347,51F70033,0001557,001
P89B0,0002347,C31E001A,0000789,002
P89B0,0002351,1376000B,0000336,003
P89B0,0002354,51F70034,0001587,001
P89B0,0002354,ED090028,0001221,002
P89B0,0002355,ED090032,0001523,002
P89B0,0002356,51F70044,0002074,001
P89B0,0002357,26F7001C,0000854,003
P89B0,0002359,6BF7002F,0001438,002
P89B0,0002361,5F340020,0000976,001
P89B0,0002363,5F340042,0002005,001
P89B0,0002364,C31E001A,0000789,002
P89B0,0002365,72C2003B,0001798,001
P89B0,0002368,72C2003C,0001828,001
P89B0,0002372,26F70014,0000612,001
P89B0,0002373,26F70034,0001585,001
P89B0,0002375,92680007,0000214,003
P89B0,0002378,C31E000D,0000395,002
P89B0,0002380,1376000E,0000426,002
P89B0,0002381,6BF70027,0001195,001
P89B0,0002382,C31E0010,0000487,002
P89B0,0002383,6BF70012,0000551,002
P89B0,0002389,ED09002F,0001433,001
P89B0,0002390,72C2003E,0001890,001
P89B0,0002392,51F70010,0000487,002
P89B0,0002404,C31E0025,0001120,003
P89B0,0002406,3A280006,0000186,002
P89B0,0002409,51F70020,0000980,003
P89B0,0002421,784A000E,0000429,001
P89B0,0002424,D758000A,0000306,002
P89B0,0002437,485B0040,0001949,001
P89B0,0002438,485B0041,0001980,001
P89B0,0002440,485B001B,0000824,001
P89B0,0002442,485B001C,0000855,001
P89B0,0002443,1ADF0037,0001683,001
P89B0,0002445,13760010,0000487,004
P89B0,0002446,485B0042,0002010,001
P89B0,0002448,485B0043,0002041,001
P89B0,0002449,79CA001C,0000851,002
P89B0,0002450,784A0032,0001524,002
P89B0,0002453,26F70001,0000032,003
P89B0,0002454,485B0044,0002072,001
P89B0,0002455,1ADF0042,0002017,001
P89B0,0002458,485B002F,0001433,001
P89B0,0002459,485B0030,0001463,001
P89B0,0002461,1ADF003A,0001774,001
P89B0,0002461,72C2001B,0000822,003
P89B0,0002463,1ADF0046,0002140,001
P89B0,0002464,C31E0001,0000032,006
P89B0,0002467,485B0045,0002102,001
P89B0,0002468,485B0031,0001493,001
P89B0,0002470,485B0032,0001523,001
P89B0,0002471,485B0033,0001554,001
P89B0,0002471,26F70002,0000063,003
P89B0,0002473,6BF7000E,0000430,003
P89B0,0002475,485B0034,0001584,001
P89B0,0002476,1ADF003B,0001805,001
P89B0,0002478,1ADF003C,0001835,001
P89B0,0002480,2B530031,0001492,002
P89B0,0002481,1ADF0043,0002047,001
P89B0,0002485,1376000C,0000366,003
P89B0,0002486,13760051,0002465,001
P89B0,0002489,D7580021,0001010,004
P89B0,0002492,485B0025,0001127,002
P89B0,0002493,1ADF003D,0001865,001
P89B0,0002495,485B0035,0001614,001
P89B0,0002496,1ADF0047,0002170,001
P89B0,0002497,2B530033,0001552,002
P89B0,0002502,D7580022,0001040,003
P89B0,0002503,2B53002F,0001432,001
P89B0,0002506,2B530036,0001642,002
P89B0,0002507,485B0036,0001644,001
P89B0,0002508,1ADF003F,0001926,001
P89B0,0002516,72C2001A,0000791,002
P89B0,0002520,13760010,0000487,003
P89B0,0002523,485B0046,0002132,001
P89B0,0002525,1ADF003A,0001774,002
P89B0,0002541,13760052,0002496,001
P89B0,0002542,2B530030,0001462,002
P89B0,0002543,13760053,0002526,001
P89B0,0002544,2B530041,0001977,001
P89B0,0002546,485B001C,0000855,002
P89B0,0002549,2B530042,0002008,002
P89B0,0002550,2B530043,0002038,001
P89B0,0002551,1ADF003C,0001835,002
P89B0,0002554,2B530032,0001522,001
P89B0,0002561,2B530033,0001552,002
P89B0,0002567,1ADF003E,0001896,002
P89B0,0002569,2B530034,0001582,001
P89B0,0002570,2B530035,0001612,001
P89B0,0002576,1ADF0040,0001956,002
P89B0,0002578,ED090008,0000247,003
P89B0,0002579,35F80001,0000033,005
P89B0,0002580,26F70018,0000734,004
P89B0,0002581,2B530044,0002068,001
P89B0,0002583,ED090031,0001493,003
P89B0,0002585,51F70002,0000062,004
P89B0,0002586,BAD30006,0000186,003
P89B0,0002587,1ADF0041,0001986,002
P89B0,0002588,2B530037,0001673,001
P89B0,0002592,EDB10036,0001647,002
P89B0,0002593,EDB10035,0001617,003
P89B0,0002610,C31E0042,0002000,001
P89B0,0002610,BAD3001D,0000885,002
P89B0,0002620,13760055,0002586,001
P89B0,0002623,13760056,0002616,001
P89B0,0002653,13760057,0002646,001
P89B0,0002674,26F70023,0001068,002
P89B0,0002674,BAD30025,0001126,003
P89B0,0002680,D7580043,0002039,001
P89B0,0002681,C31E002E,0001391,001
P89B0,0002684,6BF7000F,0000461,002
P89B0,0002687,ED090023,0001068,004
P89B0,0002689,79CA0006,0000182,003
P89B0,0002692,79CA0017,0000698,003
P89B0,0002694,26F7002B,0001310,002
P89B0,0002696,D758001B,0000826,002
P89B0,0002697,784A003D,0001856,001
P89B0,0002698,784A003D,0001856,002
P89B0,0002699,D7580038,0001708,001
P89B0,0002700,BAD30005,0000156,002
P89B0,0002702,D7580038,0001708,002
P89B0,0002702,C31E0023,0001060,002
P89B0,0002706,784A003F,0001918,001
P89B0,0002709,784A003F,0001918,002
P89B0,0002711,D758003A,0001768,001
P89B0,0002711,784A001B,0000824,003
P89B0,0002713,3A280015,0000647,003
P89B0,0002714,D7580020,0000980,001
P89B0,0002716,3A280015,0000647,002
P89B0,0002721,D7580023,0001071,001
P89B0,0002723,D7580024,0001102,001
P89B0,0002724,ED090029,0001251,003
P89B0,0002724,72C2002B,0001306,002
P89B0,0002726,5F340020,0000976,002
P89B0,0002731,784A0031,0001493,001
P89B0,0002732,D7580044,0002069,001
P89B0,0002734,784A004B,0002280,001
P89B0,0002735,D758003B,0001798,002
P89B0,0002737,26F7002D,0001372,002
P89B0,0002739,784A0012,0000550,002
P89B0,0002740,D7580026,0001163,002
P89B0,0002744,D7580025,0001132,001
P89B0,0002746,784A004C,0002311,001
P89B0,0002747,D7580026,0001163,001
P89B0,0002748,3A280005,0000155,004
P89B0,0002749,D7580006,0000185,001
P89B0,0002752,D7580045,0002100,001
P89B0,0002753,D7580027,0001193,001
P89B0,0002754,BAD30027,0001186,002
P89B0,0002757,EDB10040,0001953,002
P89B0,0002759,784A001E,0000914,002
P89B0,0002761,79CA0024,0001100,004
P89B0,0002763,784A004D,0002341,001
P89B0,0002764,5F340012,0000548,002
P89B0,0002765,C31E0021,0001000,001
P89B0,0002767,C31E0031,0001482,001
P89B0,0002769,C31E004A,0002240,001
P89B0,0002771,C31E0032,0001512,001
P89B0,0002773,6BF70011,0000521,002
P89B0,0002774,485B000F,0000458,002
P89B0,0002776,C31E0033,0001542,001
P89B0,0002786,26F70018,0000734,003
P89B0,0002788,ED090031,0001493,002
P89B0,0002789,485B0017,0000699,002
P89B0,0002790,485B0013,0000579,002
P89B0,0002794,BAD30006,0000186,002
P89B0,0002797,2B530037,0001673,002
P89B0,0002799,485B0037,0001674,002
P89B0,0002802,26F70003,0000093,003
P89B0,0002803,1ADF0044,0002077,001
P89B0,0002806,72C2001D,0000882,003
P89B0,0002808,1ADF0049,0002230,001
P89B0,0002809,5F340001,0000032,007
P89B0,0002814,1ADF004A,0002260,001
P89B0,0002817,C31E0004,0000123,005
P89B0,0002818,72C2001D,0000882,002
P89B0,0002820,485B0032,0001523,002
P89B0,0002821,5F340001,0000032,008
P89B0,0002822,485B004A,0002254,001
P89B0,0002825,26F7001A,0000794,003
P89B0,0002830,1ADF004C,0002321,001
P89B0,0002832,485B0027,0001188,002
P89B0,0002834,1ADF004D,0002351,001
P89B0,0002836,485B003A,0001766,002
P89B0,0002837,485B003B,0001796,002
P89B0,0002839,485B003C,0001827,002
P89B0,0002841,485B003E,0001887,002
P89B0,0002843,485B003F,0001917,002
P89B0,0002845,1ADF004E,0002382,001
P89B0,0002846,BAD30002,0000064,005
P89B0,0002848,51F7000E,0000427,003
P89B0,0002850,2B53002E,0001401,002
P89B0,0002851,485B0034,0001584,002
P89B0,0002853,51F7000F,0000457,003
P89B0,0002857,13760059,0002706,001
P89B0,0002858,1376005A,0002738,001
P89B0,0002866,784A0020,0000975,004
P89B0,0002867,13760058,0002676,001
P89B0,0002870,1376005B,0002769,001
P89B0,0002872,1376005C,0002799,001
P89B0,0002873,1376005D,0002829,001
P89B0,0002876,1376005E,0002859,001
P89B0,0002881,485B0036,0001644,002
P89B0,0002888,1ADF004F,0002414,001
P89B0,0002899,1ADF0050,0002445,001
P89B0,0002902,1ADF0051,0002476,001
P89B0,0002904,1ADF003E,0001896,001
P89B0,0002905,79CA0020,0000976,002
P89B0,0002906,2B530035,0001612,002
P89B0,0002909,485B003B,0001796,001
P89B0,0002911,79CA0022,0001038,002
P89B0,0002913,ED090008,0000247,002
P89B0,0002914,1ADF0052,0002506,001
P89B0,0002915,1ADF0048,0002200,001
P89B0,0002919,79CA000C,0000364,002
P89B0,0002920,79CA0025,0001130,002
P89B0,0002922,3A280007,0000216,004
P89B0,0002925,79CA0023,0001068,002
P89B0,0002927,784A001E,0000914,003
P89B0,0002930,784A001F,0000944,003
P89B0,0002932,26F70002,0000063,003
P89B0,0002935,1ADF0053,0002536,001
P89B0,0002944,1ADF0043,0002047,003
P89B0,0002948,2B530032,0001522,004
P89B0,0002949,485B0025,0001127,002
P89B0,0002951,485B0047,0002162,002
P89B0,0002953,1ADF0054,0002566,001
P89B0,0002956,26F70027,0001189,003
P89B0,0002985,1376005F,0002889,001
P89B0,0002986,92680003,0000092,004
P89B0,0002988,51F70046,0002134,001
P89B0,0002989,ED090013,0000582,003
P89B0,0002991,51F70047,0002164,001
P89B0,0002992,51F70048,0002195,001
P89B0,0002994,79CA0005,0000152,003
P89B0,0003005,6BF70022,0001043,003
P89B0,0003011,2B530006,0000185,002
P89B0,0003011,5F340028,0001218,002
P89B0,0003013,C31E0004,0000123,004
P89B0,0003014,5F340009,0000275,005
P89B0,0003015,13760009,0000275,003
P89B0,0003017,72C20046,0002134,002
P89B0,0003018,5F34000E,0000427,002
P89B0,0003020,51F70028,0001221,001
P89B0,0003021,5F340016,0000669,002
P89B0,0003029,13760061,0002949,001
P89B0,0003030,13760062,0002979,001
P89B0,0003031,13760060,0002919,001
P89B0,0003031,13760063,0003009,001
P89B0,0003060,3A280013,0000586,001
P89B0,0003063,3A280014,0000617,001
P89B0,0003068,3A280019,0000767,001
P89B0,0003068,3A28001A,0000797,001
P89B0,0003069,3A280004,0000125,001
P89B0,0003073,3A280015,0000647,001
P89B0,0003074,3A280016,0000677,001
P89B0,0003076,3A28001B,0000827,001
P89B0,0003080,3A28001C,0000857,001
P89B0,0003086,3A28001E,0000917,001
P89B0,0003088,3A28001F,0000947,001
P89B0,0003091,3A280020,0000977,001
P89B0,0003093,3A280021,0001007,001
P89B0,0003095,3A280022,0001037,001
P89B0,0003098,3A280023,0001067,001
P89B0,0003100,3A280005,0000155,001
P89B0,0003102,3A280024,0001097,001
P89B0,0003103,3A280025,0001127,001
P89B0,0003104,3A280026,0001158,001
P89B0,0003105,3A280027,0001188,001
P89B0,0003107,3A280028,0001219,001
P89B0,0003110,3A280029,0001249,001
P89B0,0003115,3A28002A,0001280,001
P89B0,0003117,3A28002B,0001310,001
P89B0,0003120,3A28002D,0001371,001
P89B0,0003121,784A0013,0000581,002
P89B0,0003123,3A28002E,0001401,001
P89B0,0003124,3A28002F,0001431,001
P89B0,0003127,3A280030,0001461,001
P89B0,0003129,3A280031,0001492,001
P89B0,0003131,3A280032,0001522,001
P89B0,0003134,3A280033,0001552,001
P89B0,0003135,3A280034,0001582,001
P89B0,0003136,3A280035,0001614,001
P89B0,0003138,3A280036,0001645,001
P89B0,0003140,3A280037,0001676,001
P89B0,0003143,3A280038,0001706,001
P89B0,0003143,3A280006,0000186,001
P89B0,0003144,3A280039,0001736,001
P89B0,0003145,3A28003A,0001766,001
P89B0,0003149,3A28003B,0001796,001
P89B0,0003150,3A28003C,0001827,001
P89B0,0003150,3A28003D,0001858,001
P89B0,0003153,3A28003E,0001888,001
P89B0,0003156,3A28003F,0001918,001
P89B0,0003158,D758001F,0000950,002
P89B0,0003181,D758003D,0001858,001
P89B0,0003183,784A0015,0000642,003
P89B0,0003186,784A0022,0001035,002
P89B0,0003186,784A0023,0001065,002
P89B0,0003189,784A0024,0001095,002
P89B0,0003191,6BF70009,0000277,004
P89B0,0003194,784A0014,0000611,002
P89B0,0003195,D758003E,0001888,001
P89B0,0003198,784A0015,0000642,002
P89B0,0003202,784A000E,0000429,002
P89B0,0003204,D758000A,0000306,003
P89B0,0003243,79CA0010,0000485,004
P89B0,0003244,79CA0026,0001161,004
P89B0,0003246,26F70023,0001068,004
P89B0,0003256,ED09001B,0000825,002
P89B0,0003259,ED090032,0001523,002
P89B0,0003263,79CA000C,0000364,001
P89B0,0003294,13760007,0000214,003
P89B0,0003337,6BF70029,0001257,001
P89B0,0003345,D7580030,0001465,002
P89B0,0003347,784A0053,0002524,001
P89B0,0003351,784A0048,0002189,001
P89B0,0003352,784A0036,0001646,001
P89B0,0003354,784A0054,0002554,001
P89B0,0003355,784A0018,0000733,001
P89B0,0003358,ED09000F,0000461,003
P89B0,0003359,784A0055,0002584,001
P89B0,0003361,784A0056,0002614,001
P89B0,0003362,5F340021,0001006,002
P89B0,0003363,BAD30024,0001096,003
P89B0,0003365,784A003A,0001766,001
P89B0,0003367,D7580035,0001617,002
P89B0,0003369,784A0057,0002644,001
P89B0,0003370,784A0030,0001461,001
P89B0,0003373,D7580034,0001587,002
P89B0,0003376,1ADF0006,0000184,004
P89B0,0003377,26F70022,0001038,002
P89B0,0003378,BAD30025,0001126,003
P89B0,0003379,79CA0004,0000122,005
P89B0,0003391,72C2001C,0000852,001
P89B0,0003399,26F7003E,0001890,002
P89B0,0003400,72C20037,0001676,001
P89B0,0003401,2B530065,0003074,001
P89B0,0003401,72C2001E,0000912,001
P89B0,0003405,3A280044,0002072,002
P89B0,0003406,2B530066,0003105,001
P89B0,0003408,72C2005D,0002830,001
P89B0,0003408,2B530067,0003135,001
P89B0,0003409,72C2001F,0000942,001
P89B0,0003411,6BF70011,0000521,002
P89B0,0003413,5F34004C,0002308,002
P89B0,0003414,C31E0015,0000638,001
P89B0,0003419,72C2004D,0002346,001
P89B0,0003422,2B530068,0003165,001
P89B0,0003424,72C2005E,0002861,001
P89B0,0003426,26F70041,0001983,002
P89B0,0003432,784A0031,0001493,003
P89B0,0003435,3A28004A,0002255,002
P89B0,0003436,26F7002C,0001341,002
P89B0,0003438,2B53006A,0003226,001
P89B0,0003441,2B53006C,0003288,001
P89B0,0003442,784A0012,0000550,003
P89B0,0003445,5F34000A,0000305,003
P89B0,0003446,26F70042,0002013,002
P89B0,0003449,2B53006D,0003318,001
P89B0,0003451,3A280041,0001981,002
P89B0,0003453,79CA0006,0000182,004
P89B0,0003454,2B530063,0003013,001
P89B0,0003458,72C2004A,0002255,002
P89B0,0003461,72C20033,0001555,002
P89B0,0003462,2B53006E,0003349,001
P89B0,0003463,26F70043,0002044,002
P89B0,0003464,72C20040,0001953,001
P89B0,0003467,26F70023,0001068,002
P89B0,0003469,26F70024,0001099,002
P89B0,0003474,72C2002B,0001306,001
P89B0,0003478,ED090025,0001129,002
P89B0,0003479,BAD3003D,0001852,001
P89B0,0003480,BAD30025,0001126,001
P89B0,0003481,26F70018,0000734,003
P89B0,0003486,26F70044,0002074,002
P89B0,0003501,C31E0015,0000638,002
P89B0,0003502,D7580053,0002521,001
P89B0,0003505,D758003B,0001798,001
P89B0,0003507,3A280005,0000155,003
P89B0,0003510,D7580054,0002551,001
P89B0,0003512,79CA0024,0001100,003
P89B0,0003515,D758003C,0001828,001
P89B0,0003517,5F340012,0000548,003
P89B0,0003518,485B000A,0000305,003
P89B0,0003519,D7580055,0002581,001
P89B0,0003520,D7580056,0002611,001
P89B0,0003521,784A0032,0001524,002
P89B0,0003523,485B002F,0001433,003
P89B0,0003524,D7580057,0002641,001
P89B0,0003525,79CA0007,0000212,003
P89B0,0003527,D7580058,0002671,001
P89B0,0003530,485B0010,0000488,004
P89B0,0003532,D7580059,0002701,001
P89B0,0003533,D758005A,0002731,001
P89B0,0003535,D758005B,0002761,001
P89B0,0003536,D758005C,0002791,001
P89B0,0003570,13760073,0003496,001
P89B0,0003582,3A280009,0000278,004
P89B0,0003582,1376006F,0003373,001
P89B0,0003583,13760070,0003404,001
P89B0,0003584,51F7002B,0001313,003
P89B0,0003587,13760071,0003435,001
P89B0,0003587,1ADF006B,0003266,001
P89B0,0003589,5F340048,0002185,001
P89B0,0003590,13760007,0000214,006
P89B0,0003591,79CA0005,0000152,002
P89B0,0003592,2B530007,0000215,003
P89B0,0003593,79CA0013,0000575,003
P89B0,0003595,51F7002F,0001435,004
P89B0,0003596,C31E0004,0000123,003
P89B0,0003598,13760072,0003465,001
P89B0,0003598,72C2001B,0000822,002
P89B0,0003600,2B53002F,0001432,003
P89B0,0003604,6BF7001F,0000950,004
P89B0,0003604,5F340016,0000669,001
P89B0,0003605,5F34006B,0003249,001
P89B0,0003606,784A001E,0000914,006
P89B0,0003609,1ADF0066,0003116,001
P89B0,0003611,3A280015,0000647,004
P89B0,0003612,5F340029,0001248,001
P89B0,0003613,2B530031,0001492,004
P89B0,0003614,72C20033,0001555,003
P89B0,0003615,ED09004F,0002399,002
P89B0,0003617,79CA0047,0002160,001
P89B0,0003617,79CA0047,0002160,002
P89B0,0003619,1ADF006C,0003296,001
P89B0,0003620,72C20035,0001615,003
P89B0,0003622,1ADF003E,0001896,003
P89B0,0003627,79CA0010,0000485,003
P89B0,0003628,5F340017,0000699,001
P89B0,0003629,79CA0020,0000976,002
P89B0,0003630,1376000C,0000366,003
P89B0,0003631,6BF7000E,0000430,004
P89B0,0003632,5F34002A,0001278,001
P89B0,0003636,BAD3004B,0002276,001
P89B0,0003637,C31E000C,0000365,003
P89B0,0003638,ED090053,0002520,003
P89B0,0003640,1ADF003F,0001926,003
P89B0,0003646,1ADF006D,0003327,001
P89B0,0003662,EDB10041,0001983,001
P89B0,0003663,EDB1004D,0002345,001
P89B0,0003664,BAD3005A,0002729,001
P89B0,0003666,ED09001C,0000855,003
P89B0,0003667,EDB10046,0002133,001
P89B0,0003668,EDB1004E,0002375,001
P89B0,0003671,13760074,0003527,001
P89B0,0003674,13760076,0003587,001
P89B0,0003676,13760075,0003557,001
P89B0,0003678,51F7000C,0000367,002
P89B0,0003680,79CA000E,0000424,002
P89B0,0003681,13760077,0003617,001
P89B0,0003682,79CA0008,0000243,002
P89B0,0003683,C31E002F,0001422,003
P89B0,0003687,784A000E,0000429,003
P89B0,0003688,79CA0033,0001556,002
P89B0,0003691,C31E0015,0000638,003
P89B0,0003691,485B006A,0003225,001
P89B0,0003695,1ADF0065,0003085,002
P89B0,0003696,92680001,0000032,005
P89B0,0003700,5F340017,0000699,002
P89B0,0003702,6BF7002C,0001348,003
P89B0,0003704,C31E0009,0000274,004
P89B0,0003705,BAD30002,0000064,005
P89B0,0003708,485B006D,0003316,001
P89B0,0003712,BAD3004A,0002246,002
P89B0,0003712,ED090010,0000491,004
P89B0,0003713,784A0026,0001156,003
P89B0,0003716,6BF7001F,0000950,003
P89B0,0003719,C31E001E,0000910,004
P89B0,0003720,5F340048,0002185,003
P89B0,0003724,ED090069,0003182,002
P89B0,0003728,79CA0022,0001038,001
P89B0,0003730,ED090008,0000247,003
P89B0,0003731,5F34004F,0002399,002
P89B0,0003733,485B0048,0002192,002
P89B0,0003734,26F70016,0000672,003
P89B0,0003737,6BF70026,0001164,004
P89B0,0003740,1ADF003E,0001896,004
P89B0,0003741,79CA000E,0000424,003
P89B0,0003743,1376000C,0000366,004
P89B0,0003746,ED090024,0001098,003
P89B0,0003747,79CA0069,0003192,001
P89B0,0003749,C31E0003,0000093,004
P89B0,0003750,EDB1004F,0002406,001
P89B0,0003753,5F340046,0002125,002
P89B0,0003756,1ADF003C,0001835,003
P89B0,0003759,EDB1005A,0002737,001
P89B0,0003760,EDB1005B,0002767,001
P89B0,0003761,EDB1005C,0002797,001
P89B0,0003763,5F340010,0000488,004
P89B0,0003764,C31E0037,0001665,002
P89B0,0003766,EDB1005D,0002827,001
P89B0,0003767,26F7002D,0001372,004
P89B0,0003769,C31E004D,0002330,002
P89B0,0003771,EDB1005E,0002857,001
P89B0,0003773,C31E004E,0002360,002
P89B0,0003775,EDB1005F,0002887,001
P89B0,0003789,51F7004B,0002287,002
P89B0,0003791,51F7004C,0002317,002
P89B0,0003793,1ADF0043,0002047,003
P89B0,0003796,784A0020,0000975,004
P89B0,0003797,26F70016,0000672,003
P89B0,0003798,3AB00001,0000033,005
P89B0,0003799,13760079,0003677,001
P89B0,0003800,485B0056,0002620,002
P89B0,0003801,1376007A,0003707,001
P89B0,0003802,13760078,0003647,001
P89B0,0003805,1376007B,0003737,001
P89B0,0003806,5F34002A,0001278,003
P89B0,0003810,EDB10059,0002707,002
P89B0,0003812,1376007C,0003767,001
P89B0,0003814,1376007D,0003798,001
P89B0,0003818,5F340009,0000275,004
P89B0,0003822,C31E0013,0000578,003
P89B0,0003824,BAD30030,0001459,002
P89B0,0003826,485B0010,0000488,002
P89B0,0003827,79CA0013,0000575,002
P89B0,0003830,79CA0028,0001223,002
P89B0,0003831,485B005E,0002862,002
P89B0,0003832,C31E0061,0002934,001
P89B0,0003833,79CA0014,0000606,002
P89B0,0003834,79CA0029,0001254,002
P89B0,0003835,ED090031,0001493,002
P89B0,0003836,72C2004F,0002406,003
P89B0,0003837,51F7004F,0002408,001
P89B0,0003838,51F70050,0002439,001
P89B0,0003840,51F70051,0002469,001
P89B0,0003841,5F340043,0002035,002
P89B0,0003844,EDB10061,0002947,001
P89B0,0003846,1376007E,0003828,001
P89B0,0003848,EDB10062,0002977,001
P89B0,0003855,5F34004E,0002369,001
P89B0,0003855,EDB10063,0003008,001
P89B0,0003858,EDB10051,0002467,001
P89B0,0003860,EDB10040,0001953,001
P89B0,0003867,ED090028,0001221,003
P89B0,0003868,C31E0001,0000032,007
P89B0,0003869,784A000E,0000429,002
P89B0,0003871,ED09000F,0000461,005
P89B0,0003875,5F34000D,0000397,002
P89B0,0003876,3A280009,0000278,004
P89B0,0003878,26F70003,0000093,003
P89B0,0003880,5F340037,0001672,003
P89B0,0003881,79CA006D,0003313,001
P89B0,0003883,5F34004C,0002308,002
P89B0,0003889,5F340054,0002552,002
P89B0,0003890,784A0025,0001125,002
P89B0,0003893,2B530032,0001522,005
P89B0,0003895,5F340061,0002944,002
P89B0,0003897,1376007F,0003858,001
P89B0,0003901,13760080,0003888,001
P89B0,0003911,EDB10055,0002587,001
P89B0,0003912,EDB10065,0003069,001
P89B0,0003915,EDB10066,0003099,001
P89B0,0003926,13760081,0003918,001
P89B0,0003948,C31E003A,0001755,002
P89B0,0003949,485B004B,0002284,001
P89B0,0003952,79CA0007,0000212,004
P89B0,0004000,3A280052,0002500,001
P89B0,0004021,485B003F,0001917,001
P89B0,0004022,485B000F,0000458,003
P89B0,0004024,1ADF0008,0000244,007
P89B0,0004025,784A0048,0002189,003
P89B0,0004026,C31E0053,0002510,002
P89B0,0004028,C31E006A,0003204,002
P89B0,0004030,ED09001D,0000886,003
P89B0,0004034,C31E0065,0003054,002
P89B0,0004037,C31E0055,0002570,002
P89B0,0004040,ED090017,0000704,003
P89B0,0004042,485B004E,0002375,001
P89B0,0004044,26F70012,0000550,004
P89B0,0004046,EDB10069,0003189,001
P89B0,0004046,485B0050,0002436,001
P89B0,0004049,485B002E,0001402,001
P89B0,0004050,EDB1004B,0002285,001
P89B0,0004051,3A280006,0000186,003
P89B0,0004052,485B0064,0003044,001
P89B0,0004054,5F340021,0001006,004
P89B0,0004056,6BF70022,0001043,003
P89B0,0004058,1ADF0055,0002597,002
P89B0,0004066,51F70002,0000062,003
P89B0,0004067,ED090028,0001221,003
P89B0,0004074,6BF70031,0001499,001
P89B0,0004075,6BF70042,0002012,001
P89B0,0004076,6BF70076,0003589,001
P89B0,0004078,D758005E,0002853,002
P89B0,0004080,79CA006F,0003374,001
P89B0,0004080,1ADF0040,0001956,002
P89B0,0004082,485B000A,0000305,003
P89B0,0004083,ED090028,0001221,002
P89B0,0004085,72C2002C,0001336,003
P89B0,0004086,79CA0005,0000152,005
P89B0,0004090,784A001F,0000944,004
P89B0,0004092,EDB1006B,0003249,001
P89B0,0004093,6BF70035,0001621,002
P89B0,0004095,485B0075,0003558,001
P89B0,0004097,D758004C,0002310,002
P89B0,0004098,784A001D,0000884,003
P89B0,0004099,C31E0069,0003174,002
P89B0,0004102,1ADF003B,0001805,002
P89B0,0004104,EDB10056,0002617,001
P89B0,0004105,92680006,0000183,003
P89B0,0004106,D758000A,0000306,004
P89B0,0004108,3AB00005,0000154,004
P89B0,0004109,72C20020,0000972,003
P89B0,0004110,ED090048,0002188,003
P89B0,0004111,784A002A,0001277,003
P89B0,0004113,79CA0008,0000243,002
P89B0,0004114,1ADF003C,0001835,002
P89B0,0004118,1ADF001E,0000919,005
P89B0,0004119,EDB1006C,0003279,001
P89B0,0004123,EDB1006D,0003310,001
P89B0,0004125,13760075,0003557,002
P89B0,0004126,EDB1006E,0003340,001
P89B0,0004127,D758002A,0001283,003
P89B0,0004128,EDB1006F,0003371,001
P89B0,0004129,EDB10070,0003401,001
P89B0,0004142,485B0047,0002162,001
P89B0,0004146,26F70016,0000672,002
P89B0,0004146,485B0079,0003679,001
P89B0,0004150,485B007A,0003709,001
P89B0,0004154,79CA0067,0003131,002
P89B0,0004156,5F340038,0001702,002
P89B0,0004158,1ADF0077,0003628,001
P89B0,0004160,2B530036,0001642,004
P89B0,0004162,1ADF003F,0001926,003
P89B0,0004163,BAD30042,0002004,002
P89B0,0004164,BAD3004C,0002306,002
P89B0,0004165,5F34004E,0002369,002
P89B0,0004167,C31E0010,0000487,004
P89B0,0004169,79CA0022,0001038,002
P89B0,0004170,BAD30044,0002065,002
P89B0,0004175,51F7002F,0001435,004
P89B0,0004177,BAD3004F,0002396,002
P89B0,0004180,BAD30050,0002426,002
P89B0,0004180,BAD30045,0002095,002
P89B0,0004182,D7580033,0001556,002
P89B0,0004184,C31E0010,0000487,005
P89B0,0004185,BAD30052,0002486,002
P89B0,0004187,BAD30054,0002547,002
P89B0,0004188,2B530032,0001522,004
P89B0,0004189,BAD30058,0002669,002
P89B0,0004190,5F34006D,0003310,002
P89B0,0004192,72C20035,0001615,003
P89B0,0004193,1ADF0078,0003658,001
P89B0,0004197,1ADF0067,0003146,001
P89B0,0004199,1ADF0068,0003176,001
P89B0,0004200,C31E007A,0003689,001
P89B0,0004202,C31E007B,0003719,001
P89B0,0004209,C31E007C,0003749,001
P89B0,0004210,BAD3005C,0002789,001
P89B0,0004211,485B007B,0003741,001
P89B0,0004212,26F70013,0000581,004
P89B0,0004214,C31E0004,0000123,005
P89B0,0004215,485B007C,0003772,001
P89B0,0004216,BAD30029,0001246,001
P89B0,0004218,C31E007D,0003779,001
P89B0,0004219,3A280042,0002012,003
P89B0,0004225,C31E0034,0001573,003
P89B0,0004226,92680003,0000092,007
P89B0,0004228,72C20018,0000731,002
P89B0,0004230,ED090019,0000764,005
P89B0,0004232,2B530064,0003044,003
P89B0,0004233,79CA0007,0000212,003
P89B0,0004234,79CA0007,0000212,003
P89B0,0004235,D7580072,0003457,001
P89B0,0004237,2B53007C,0003775,001
P89B0,0004238,72C2005B,0002770,002
P89B0,0004242,C31E004E,0002360,003
P89B0,0004244,26F70045,0002105,002
P89B0,0004245,784A0060,0002916,002
P89B0,0004246,2B530073,0003503,001
P89B0,0004247,BAD30039,0001732,002
P89B0,0004248,784A0061,0002947,002
P89B0,0004249,79CA002D,0001376,003
P89B0,0004249,1ADF006E,0003358,001
P89B0,0004251,2B53007D,0003805,001
P89B0,0004252,485B0070,0003407,002
P89B0,0004253,5F340017,0000699,004
P89B0,0004254,5F340010,0000488,003
P89B0,0004255,ED090053,0002520,003
P89B0,0004256,92680001,0000032,006
P89B0,0004257,79CA0053,0002525,002
P89B0,0004257,3A280042,0002012,002
P89B0,0004260,79CA000E,0000424,002
P89B0,0004262,1ADF005B,0002782,001
P89B0,0004262,79CA006C,0003283,002
P89B0,0004263,D758004A,0002250,001
P89B0,0004265,5F340001,0000032,007
P89B0,0004267,BAD3005E,0002849,001
P89B0,0004270,2B53007F,0003866,001
P89B0,0004271,BAD3005F,0002879,001
P89B0,0004271,BAD30060,0002910,001
P89B0,0004272,1ADF007E,0003841,001
P89B0,0004274,26F70040,0001953,003
P89B0,0004275,79CA0010,0000485,003
P89B0,0004275,1ADF007F,0003871,001
P89B0,0004276,485B0025,0001127,004
P89B0,0004277,2B530075,0003563,001
P89B0,0004280,79CA0026,0001161,003
P89B0,0004281,3A280012,0000554,006
P89B0,0004282,79CA0057,0002646,002
P89B0,0004282,1ADF0080,0003901,001
P89B0,0004283,2B530080,0003896,001
P89B0,0004286,BAD30065,0003062,001
P89B0,0004287,BAD30069,0003183,001
P89B0,0004290,5F34000A,0000305,003
P89B0,0004292,1ADF005C,0002813,001
P89B0,0004297,C31E0024,0001090,003
P89B0,0004298,EDB1007B,0003733,001
P89B0,0004300,485B007E,0003832,001
P89B0,0004302,BAD3003B,0001792,003
P89B0,0004303,1376000A,0000306,005
P89B0,0004305,5F34002A,0001278,004
P89B0,0004306,EDB10059,0002707,001
P89B0,0004307,EDB1007C,0003764,001
P89B0,0004312,EDB1007D,0003795,001
P89B0,0004315,EDB10060,0002917,001
P89B0,0004319,EDB1007E,0003825,001
P89B0,0004319,485B0059,0002710,001
P89B0,0004322,1376008A,0004189,001
P89B0,0004324,1376008B,0004220,001
P89B0,0004325,1376008C,0004250,001
P89B0,0004328,1376008D,0004280,001
P89B0,0004329,1376008E,0004310,001
P89B0,0004337,784A006F,0003375,001
P89B0,0004339,784A0058,0002674,001
P89B0,0004340,784A004A,0002250,001
P89B0,0004341,784A001D,0000884,003
P89B0,0004341,26F70024,0001099,004
P89B0,0004343,26F70048,0002196,002
P89B0,0004347,ED09002D,0001373,006
P89B0,0004348,26F70022,0001038,004
P89B0,0004350,ED09004F,0002399,003
P89B0,0004352,6BF70026,0001164,004
P89B0,0004354,ED090023,0001068,006
P89B0,0004355,6BF70011,0000521,002
P89B0,0004360,C31E002F,0001422,002
P89B0,0004364,79CA000B,0000334,004
P89B0,0004365,6BF70027,0001195,004
P89B0,0004368,784A0071,0003436,001
P89B0,0004370,72C2003D,0001858,003
P89B0,0004371,5F340057,0002644,003
P89B0,0004373,784A0072,0003466,001
P89B0,0004374,6BF7005F,0002891,002
P89B0,0004375,784A0081,0003920,001
P89B0,0004376,784A0074,0003527,001
P89B0,0004380,13760058,0002676,002
P89B0,0004382,3A280005,0000155,004
P89B0,0004384,3A28004E,0002378,002
P89B0,0004385,784A0075,0003557,001
P89B0,0004386,D7580070,0003396,002
P89B0,0004390,784A005B,0002765,001
P89B0,0004392,6BF70064,0003043,001
P89B0,0004395,5F34001A,0000790,003
P89B0,0004397,BAD3001E,0000915,002
P89B0,0004398,485B007F,0003862,001
P89B0,0004402,D758003D,0001858,004
P89B0,0004403,79CA002E,0001406,002
P89B0,0004406,485B0017,0000699,001
P89B0,0004406,485B0049,0002223,001
P89B0,0004409,ED09003E,0001886,003
P89B0,0004411,485B0013,0000579,001
P89B0,0004411,784A0010,0000489,003
P89B0,0004415,1ADF003F,0001926,005
P89B0,0004417,D7580028,0001223,003
P89B0,0004419,EDB1007F,0003855,001
P89B0,0004421,EDB10080,0003885,001
P89B0,0004423,EDB10081,0003915,001
P89B0,0004425,EDB10082,0003945,001
P89B0,0004426,13760007,0000214,005
P89B0,0004427,26F70003,0000093,002
P89B0,0004428,79CA002B,0001314,002
P89B0,0004429,2B530038,0001704,002
P89B0,0004430,ED090024,0001098,004
P89B0,0004432,79CA002C,0001345,002
P89B0,0004432,1ADF0070,0003418,001
P89B0,0004433,79CA0059,0002706,002
P89B0,0004434,485B0081,0003922,001
P89B0,0004435,485B0082,0003953,001
P89B0,0004437,485B0038,0001705,001
P89B0,0004440,BAD30063,0003000,003
P89B0,0004443,26F7001C,0000854,005
P89B0,0004444,6BF70027,0001195,004
P89B0,0004446,BAD30076,0003579,002
P89B0,0004446,ED090047,0002157,003
P89B0,0004448,784A001E,0000914,005
P89B0,0004449,26F70012,0000550,004
P89B0,0004450,5F34001D,0000885,004
P89B0,0004451,BAD30018,0000732,001
P89B0,0004452,5F340032,0001521,004
P89B0,0004453,72C20046,0002134,003
P89B0,0004454,784A001F,0000944,005
P89B0,0004456,79CA0036,0001646,002
P89B0,0004457,6BF70010,0000491,005
P89B0,0004459,79CA0033,0001556,005
P89B0,0004460,1ADF0045,0002109,002
P89B0,0004478,79CA005F,0002887,002
P89B0,0004481,C31E0028,0001210,002
P89B0,0004483,D7580067,0003125,001
P89B0,0004485,72C2004B,0002285,003
P89B0,0004503,D7580068,0003155,001
P89B0,0004508,2B53007B,0003745,001
P89B0,0004509,D7580078,0003637,001
P89B0,0004516,BAD30078,0003640,002
P89B0,0004517,BAD3004C,0002306,002
P89B0,0004518,BAD30049,0002216,002
P89B0,0004557,5F34001E,0000915,005
P89B0,0004557,C31E0064,0003024,002
P89B0,0004558,485B0061,0002952,001
P89B0,0004560,485B0062,0002984,001
P89B0,0004561,485B0084,0004014,001
P89B0,0004562,ED090063,0003002,003
P89B0,0004563,C31E0054,0002540,003
P89B0,0004564,13760070,0003404,002
P89B0,0004565,72C20032,0001523,002
P89B0,0004569,485B0085,0004044,001
P89B0,0004570,EDB1006A,0003219,002
P89B0,0004571,D758002A,0001283,004
P89B0,0004574,6BF70034,0001591,003
P89B0,0004576,784A0061,0002947,001
P89B0,0004577,13760072,0003465,002
P89B0,0004579,1ADF0057,0002659,002
P89B0,0004580,79CA0024,0001100,003
P89B0,0004582,1ADF000A,0000305,004
P89B0,0004585,51F70057,0002649,002
P89B0,0004588,ED090043,0002036,004
P89B0,0004593,485B000F,0000458,005
P89B0,0004597,ED090081,0003907,001
P89B0,0004599,5F340046,0002125,001
P89B0,0004600,784A001B,0000824,003
P89B0,0004601,13760074,0003527,002
P89B0,0004604,51F70058,0002679,002
P89B0,0004605,5F340077,0003610,001
P89B0,0004606,1ADF001E,0000919,003
P89B0,0004610,485B0086,0004075,001
P89B0,0004611,51F70045,0002104,002
P89B0,0004625,2B530089,0004169,001
P89B0,0004626,2B530072,0003473,001
P89B0,0004628,51F70029,0001251,003
P89B0,0004630,26F70058,0002683,002
P89B0,0004632,784A0020,0000975,004
P89B0,0004639,5F34000D,0000397,003
P89B0,0004642,C31E008B,0004203,001
P89B0,0004644,72C20032,0001523,002
P89B0,0004650,BAD30025,0001126,002
P89B0,0004651,79CA0004,0000122,006
P89B0,0004654,784A003C,0001826,002
P89B0,0004656,784A004A,0002250,002
P89B0,0004659,BAD30002,0000064,002
P89B0,0004661,13760041,0001979,004
P89B0,0004664,D7580051,0002460,003
P89B0,0004665,D758007A,0003697,001
P89B0,0004667,D758006D,0003305,001
P89B0,0004668,D758006E,0003336,001
P89B0,0004669,D758005D,0002822,001
P89B0,0004673,D758006F,0003366,001
P89B0,0004676,D7580070,0003396,001
P89B0,0004678,D758005E,0002853,001
P89B0,0004681,D758007B,0003727,001
P89B0,0004683,D7580060,0002914,001
P89B0,0004685,D7580061,0002944,001
P89B0,0004688,6BF70031,0001499,003
P89B0,0004690,D758007C,0003758,001
P89B0,0004692,5F340012,0000548,005
P89B0,0004703,ED09001F,0000947,002
P89B0,0004705,72C20040,0001953,002
P89B0,0004706,26F70002,0000063,005
P89B0,0004712,51F7006B,0003257,001
P89B0,0004714,5F340011,0000518,004
P89B0,0004719,6BF70042,0002012,002
P89B0,0004720,51F70037,0001678,004
P89B0,0004724,ED09006D,0003302,003
P89B0,0004725,6BF7000C,0000368,003
P89B0,0004728,485B000A,0000305,003
P89B0,0004730,BAD3007D,0003791,001
P89B0,0004730,C31E0004,0000123,006
P89B0,0004733,BAD30024,0001096,005
P89B0,0004736,784A003A,0001766,003
P89B0,0004738,72C2002E,0001397,002
P89B0,0004740,72C20037,0001676,002
P89B0,0004743,ED09004F,0002399,002
P89B0,0004746,6BF7007F,0003861,001
P89B0,0004748,BAD30071,0003427,001
P89B0,0004756,BAD30039,0001732,001
P89B0,0004762,D7580051,0002460,002
P89B0,0004765,6BF70080,0003891,001
P89B0,0004766,C31E0006,0000183,002
P89B0,0004767,6BF70027,0001195,003
P89B0,0004768,6BF70082,0003951,001
P89B0,0004768,784A001A,0000794,005
P89B0,0004769,5F34001E,0000915,003
P89B0,0004770,6BF7000F,0000461,004
P89B0,0004772,784A0078,0003647,002
P89B0,0004773,79CA0011,0000515,002
P89B0,0004774,6BF7002F,0001438,001
P89B0,0004776,BAD3001E,0000915,001
P89B0,0004778,6BF70084,0004014,001
P89B0,0004781,6BF70051,0002467,001
P89B0,0004782,13760058,0002676,003
P89B0,0004784,72C2003D,0001858,002
P89B0,0004785,BAD30020,0000975,001
P89B0,0004787,BAD3003A,0001762,001
P89B0,0004789,485B0039,0001735,003
P89B0,0004790,BAD30024,0001096,001
P89B0,0004801,C31E0089,0004143,002
P89B0,0004803,13760091,0004400,001
P89B0,0004804,EDB10085,0004035,001
P89B0,0004805,1ADF0094,0004506,001
P89B0,0004806,13760096,0004552,001
P89B0,0004807,EDB1006A,0003219,001
P89B0,0004808,72C20031,0001492,004
P89B0,0004809,BAD3004A,0002246,003
P89B0,0004810,6BF70034,0001591,002
P89B0,0004811,C31E0033,0001542,002
P89B0,0004812,2B530071,0003442,002
P89B0,0004813,5F340014,0000609,002
P89B0,0004816,79CA0024,0001100,004
P89B0,0004817,784A005F,0002886,002
P89B0,0004819,6BF7001E,0000919,003
P89B0,0004820,13760092,0004431,001
P89B0,0004823,13760093,0004461,001
P89B0,0004824,13760094,0004491,001
P89B0,0004827,13760097,0004583,001
P89B0,0004828,485B000F,0000458,006
P89B0,0004829,13760098,0004613,001
P89B0,0004830,6BF70049,0002225,002
P89B0,0004834,485B0074,0003528,002
P89B0,0004835,13760099,0004643,001
P89B0,0004836,13760095,0004522,001
P89B0,0004840,13760093,0004461,002
P89B0,0004842,1376009A,0004674,001
P89B0,0004842,1ADF0096,0004566,001
P89B0,0004844,6BF7000E,0000430,003
P89B0,0004845,1376009B,0004704,001
P89B0,0004847,72C20058,0002679,002
P89B0,0004849,EDB10087,0004095,001
P89B0,0004852,1376009D,0004764,001
P89B0,0004854,C31E002F,0001422,005
P89B0,0004856,1376009E,0004795,001
P89B0,0004858,72C20031,0001492,004
P89B0,0004859,1ADF0098,0004627,001
P89B0,0004860,1ADF0099,0004657,001
P89B0,0004864,1ADF009B,0004717,001
P89B0,0004866,1ADF009C,0004748,001
P89B0,0004866,1ADF009D,0004778,001
P89B0,0004868,C31E0054,0002540,003
P89B0,0004870,1376009F,0004826,001
P89B0,0004871,1376008F,0004340,001
P89B0,0004872,1ADF009E,0004808,001
P89B0,0004874,C31E0057,0002630,003
P89B0,0004878,EDB10086,0004065,002
P89B0,0004881,1ADF009F,0004838,001
P89B0,0004884,13760090,0004370,002
P89B0,0004886,1376009C,0004734,002
P89B0,0004890,1ADF0097,0004597,001
P89B0,0004891,1ADF009A,0004687,001
P89B0,0004892,1ADF00A0,0004868,001
P89B0,0004895,13760090,0004370,002
P89B0,0004897,1ADF0097,0004597,003
P89B0,0004903,137600A0,0004856,002
P89B0,0004933,BAD30080,0003882,001
P89B0,0004934,BAD3003C,0001822,001
P89B0,0004950,3A280057,0002651,001
P89B0,0004956,2B530008,0000245,002
P89B0,0004957,3A280059,0002712,001
P89B0,0004980,BAD30063,0003000,002
P89B0,0004982,2B53008C,0004260,002
P89B0,0004989,EDB10079,0003673,002
P89B0,0004992,D7580063,0003004,003
P89B0,0004996,ED090018,0000734,004
P89B0,0005000,6BF70065,0003073,001
P89B0,0005003,6BF70066,0003103,001
P89B0,0005008,D7580082,0003938,001
P89B0,0005010,D7580083,0003968,001
P89B0,0005012,D7580071,0003427,001
P89B0,0005013,1ADF007A,0003719,002
P89B0,0005015,1ADF00A2,0004929,002
P89B0,0005017,D758003D,0001858,003
P89B0,0005019,D7580084,0003998,001
P89B0,0005022,6BF70065,0003073,002
P89B0,0005023,BAD30071,0003427,003
P89B0,0005024,51F7000F,0000457,004
P89B0,0005026,1ADF00A1,0004898,001
P89B0,0005027,C31E0009,0000274,005
P89B0,0005029,485B0056,0002620,003
P89B0,0005031,51F70071,0003440,002
P89B0,0005033,51F70073,0003501,002
P89B0,0005035,BAD3003B,0001792,003
P89B0,0005035,137600A3,0004947,001
P89B0,0005036,EDB10089,0004157,002
P89B0,0005038,72C20011,0000517,006
P89B0,0005039,3A280058,0002681,002
P89B0,0005041,D7580085,0004028,001
P89B0,0005043,784A000F,0000459,002
P89B0,0005043,51F7004A,0002256,002
P89B0,0005045,D758000F,0000460,001
P89B0,0005045,D7580063,0003004,001
P89B0,0005047,26F7002C,0001341,003
P89B0,0005048,EDB10073,0003491,002
P89B0,0005050,79CA0016,0000667,004
P89B0,0005052,137600A2,0004917,002
P89B0,0005053,2B530099,0004652,002
P89B0,0005054,EDB10073,0003491,002
P89B0,0005055,D7580086,0004058,001
P89B0,0005057,137600A1,0004886,002
P89B0,0005058,1ADF00A3,0004959,001
P89B0,0005060,2B530076,0003593,002
P89B0,0005060,D7580087,0004088,001
P89B0,0005063,5F34002A,0001278,004
P89B0,0005064,72C2001B,0000822,005
P89B0,0005065,1ADF0082,0003961,002
P89B0,0005066,1ADF006F,0003388,002
P89B0,0005068,784A0064,0003038,002
P89B0,0005069,1ADF00A1,0004898,002
P89B0,0005071,D7580063,0003004,003
P89B0,0005072,D7580088,0004118,001
P89B0,0005073,485B0010,0000488,004
P89B0,0005074,72C20071,0003440,002
P89B0,0005075,1ADF00A2,0004929,001
P89B0,0005076,2B53007E,0003835,003
P89B0,0005077,485B0010,0000488,004
P89B0,0005079,EDB1008B,0004218,002
P89B0,0005080,485B007D,0003802,003
P89B0,0005081,6BF70046,0002135,002
P89B0,0005082,6BF70009,0000277,004
P89B0,0005083,6BF7002A,0001287,006
P89B0,0005086,BAD30054,0002547,003
P89B0,0005088,D758004B,0002280,001
P89B0,0005089,ED090086,0004058,003
P89B0,0005090,EDB10076,0003581,002
P89B0,0005092,6BF70034,0001591,002
P89B0,0005093,485B007D,0003802,003
P89B0,0005094,EDB10078,0003642,002
P89B0,0005097,C31E0052,0002480,004
P89B0,0005098,72C20044,0002074,003
P89B0,0005099,72C20053,0002527,003
P89B0,0005100,ED090053,0002520,002
P89B0,0005101,137600A1,0004886,001
P89B0,0005102,EDB10055,0002587,005
P89B0,0005104,3A28000A,0000308,005
P89B0,0005104,5F34000E,0000427,006
P89B0,0005107,BAD30054,0002547,003
P89B0,0005110,C31E0056,0002600,004
P89B0,0005112,D758004C,0002310,001
P89B0,0005114,BAD30058,0002669,003
P89B0,0005115,6BF70032,0001530,003
P89B0,0005116,EDB10075,0003551,002
P89B0,0005117,BAD30029,0001246,003
P89B0,0005118,D7580030,0001465,003
P89B0,0005119,1ADF00A4,0004989,001
P89B0,0005120,5F34006D,0003310,002
P89B0,0005121,1ADF006A,0003236,003
P89B0,0005122,D7580075,0003547,001
P89B0,0005123,72C20020,0000972,003
P89B0,0005127,D7580065,0003064,001
P89B0,0005128,1ADF0097,0004597,002
P89B0,0005129,ED090086,0004058,002
P89B0,0005132,ED090047,0002157,005
P89B0,0005133,137600A4,0004978,001
P89B0,0005134,D758008A,0004178,001
P89B0,0005136,5F34004F,0002399,003
P89B0,0005138,D758004D,0002340,001
P89B0,0005140,13760007,0000214,005
P89B0,0005141,72C2003A,0001768,003
P89B0,0005141,13760078,0003647,003
P89B0,0005143,EDB10078,0003642,002
P89B0,0005143,784A001E,0000914,007
P89B0,0005144,1ADF001E,0000919,006
P89B0,0005145,2B530071,0003442,002
P89B0,0005148,C31E0056,0002600,004
P89B0,0005148,BAD30058,0002669,003
P89B0,0005150,ED09000F,0000461,004
P89B0,0005151,5F34006D,0003310,002
P89B0,0005153,72C2003F,0001921,003
P89B0,0005155,BAD30030,0001459,003
P89B0,0005156,6BF7006D,0003315,002
P89B0,0005159,1376000A,0000306,004
P89B0,0005160,D758004E,0002370,001
P89B0,0005161,D758008D,0004269,001
P89B0,0005164,EDB1004B,0002285,003
P89B0,0005166,1ADF0072,0003478,002
P89B0,0005168,C31E002B,0001300,002
P89B0,0005173,BAD30048,0002186,003
P89B0,0005176,ED090024,0001098,004
P89B0,0005183,C31E0089,0004143,002
P89B0,0005183,D758008E,0004299,001
P89B0,0005185,ED09002D,0001373,005
P89B0,0005187,D758008F,0004331,001
P89B0,0005189,D7580091,0004393,001
P89B0,0005191,D7580093,0004454,001
P89B0,0005192,D7580094,0004484,001
P89B0,0005193,D7580095,0004515,001
P89B0,0005195,D7580096,0004546,001
P89B0,0005196,D7580097,0004576,001
P89B0,0005197,D7580098,0004606,001
P89B0,0005198,D7580099,0004636,001
P89B0,0005200,D758009A,0004666,001
P89B0,0005202,D758009B,0004696,001
P89B0,0005204,D758009C,0004727,001
P89B0,0005205,D758009D,0004758,001
P89B0,0005206,D7580080,0003878,001
P89B0,0005207,D758009E,0004788,001
P89B0,0005209,C31E007E,0003809,002
P89B0,0005211,D758009F,0004819,001
P89B0,0005213,72C20011,0000517,007
P89B0,0005214,D75800A0,0004849,001
P89B0,0005217,EDB10075,0003551,003
P89B0,0005219,D75800A1,0004879,001
P89B0,0005221,D75800A2,0004909,001
P89B0,0005222,784A0048,0002189,002
P89B0,0005223,784A0036,0001646,003
P89B0,0005225,D75800A3,0004941,001
P89B0,0005226,D75800A4,0004972,001
P89B0,0005228,D75800A5,0005003,001
P89B0,0005234,72C20035,0001615,003
P89B0,0005236,137600A5,0005009,001
P89B0,0005238,ED09002D,0001373,004
P89B0,0005239,C31E007E,0003809,003
P89B0,0005240,137600A6,0005039,001
P89B0,0005242,72C20011,0000517,006
P89B0,0005244,137600A2,0004917,001
P89B0,0005245,137600A7,0005069,001
P89B0,0005247,137600A8,0005099,001
P89B0,0005250,137600A9,0005129,001
P89B0,0005251,EDB1007A,0003703,002
P89B0,0005253,13760007,0000214,006
P89B0,0005254,D75800A6,0005033,001
P89B0,0005255,13760078,0003647,003
P89B0,0005257,137600AA,0005160,001
P89B0,0005260,5F34009A,0004666,003
P89B0,0005262,137600AB,0005191,001
P89B0,0005263,137600AC,0005221,001
P89B0,0005265,137600AD,0005251,001
P89B0,0005281,D75800A7,0005063,001
P89B0,0005289,137600AE,0005282,001
P89B0,0005312,D75800A8,0005093,001
P89B0,0005321,137600AF,0005313,001
P89B0,0005342,D75800A9,0005123,001
P89B0,0005351,137600B0,0005343,001
P89B0,0005374,D75800AA,0005154,001
P89B0,0005380,137600B1,0005373,001
